Game of Thrones,/r/GameOfThrones
Pokémon,/r/Pokemon
Doctor Who,/r/DoctorWho
Breaking Bad,/r/BreakingBad
The Walking Dead,/r/TheWalkingDead
Adventure Time,/r/AdventureTime
Community,/r/Community
Avatar: The Last Airbender,/r/TheLastAirbender
Futurama,/r/Futurama
South Park,/r/SouthPark
Top Gear (UK),/r/TopGear
Arrested Development,/r/ArrestedDevelopment
The Simpsons,/r/TheSimpsons
Archer,/r/ArcherFX
How I Met Your Mother,/r/HIMYM
Star Trek,/r/StarTrek
It's Always Sunny In Philadelphia,/r/IASIP
Parks And Recreation,/r/PandR
Firefly,/r/Firefly
The Office (US),/r/DunderMifflin
Sherlock,/r/Sherlock
My Little Pony,/r/MyLittlePony
Better Call Saul,/r/BetterCallSaul
Naruto,/r/Naruto
Dexter,/r/Dexter
Dragon Ball Z,/r/DBZ
House of Cards,/r/HouseOfCards
Supernatural,/r/Supernatural
True Detective,/r/TrueDetective
One Piece,/r/OnePiece
Arrow,/r/Arrow
Trailer Park Boys,/r/TrailerParkBoys
Mad Men,/r/Madmen
Seinfeld,/r/Seinfeld
American Horror Story,/r/AmericanHorrorStory
LOST,/r/Lost
Scrubs,/r/Scrubs
Bob's Burgers,/r/BobsBurgers
Orange is the New Black,/r/OrangeIsTheNewBlack
Sons of Anarchy,/r/SonsOfAnarchy
Marvel's Agents of S.H.I.E.L.D,/r/SHIELD
The Big Bang Theory,/r/BigBangTheory
King of The Hill,/r/KingOfTheHill
Family Guy,/r/FamilyGuy
Spongebob Squarepants,/r/SpongeBob
Regular Show,/r/RegularShow
Modern Family,/r/Modern_Family
Tim and Eric,/r/TimAndEric
Suits,/r/Suits
The Wire,/r/TheWire
Bleach,/r/bleach
Hannibal,/r/HannibalTV
Friends,/r/HowYouDoin
Stargate SG-1,/r/StarGate
30 Rock,/r/30Rock
True Blood,/r/TrueBlood
Psych,/r/Psych
Battlestar Galactica,/r/BSG
The League,/r/TheLeagueFX
Buffy the Vampire Slayer,/r/Buffy
Homeland,/r/Homeland
QI,/r/QuiteInteresting
Gravity Falls,/r/GravityFalls
Spiderman,/r/Spiderman
Big Brother‎,/r/BigBrother‎
Cosmos: A Personal Voyage,/r/Cosmos
RuPaul’s Drag Race,/r/RupaulsDragRace
Fairy Tail,/r/FairyTail
The Venture Brothers,/r/VentureBros
Mythbusters,/r/Mythbusters
Boardwalk Empire,/r/BoardwalkEmpire
Once Upon A Time,/r/OnceUponATime
Fringe,/r/Fringe
Saturday Night Live,/r/LiveFromNewYork
Fullmetal Alchemist,/r/FullmetalAlchemist
Survivor,/r/Survivor
Downton Abbey,/r/DowntonAbbey
That 70's Show,/r/That70sshow
Twin Peaks,/r/TwinPeaks
New Girl,/r/NewGirl
The Newsroom,/r/TheNewsroom
Peep Show,/r/MitchellAndWebb
Star Trek,/r/Treknobabble
The Walking Dead,/r/TWD
Digimon,/r/Digimon
Cowboy Bebop,/r/CowboyBebop
The IT Crowd,/r/ITCrowd
Shameless,/r/Shameless
Vikings,/r/VikingsTV
Orphan Black,/r/OrphanBlack
Sailor Moon,/r/Sailormoon
American Dad!,/r/AmericanDad
Brooklyn Nine-Nine,/r/BrooklynNineNine
Louie,/r/Louie
Fargo,/r/FargoTV
Pretty Little Liars,/r/PrettyLittleLiars
Game of Thrones,/r/HBOGameofThrones
The Leftovers,/r/TheLeftovers
Chuck,/r/Chuck
Teenage Mutant Ninja Turtles,/r/TMNT
Girls,/r/Girls
Castle,/r/CastleTV
Idea Channel (PBS Youtube channel),/r/PBSIdeaChannel
Glee,/r/Glee
Berserk,/r/Berserk
Person of Interest,/r/PersonOfInterest
Beavis and Butt-head,/r/BeavisAndButthead
House M.D.,/r/HouseMD
Grey's Anatomy,/r/GreysAnatomy
The Vampire Diaries,/r/TheVampireDiaries
The Daily Show with Jon Stewart,/r/DailyShow
The Sopranos,/r/TheSopranos
Power Rangers,/r/PowerRangers
Justified,/r/Justified
The West Wing,/r/TheWestwing
Jeopardy‎!,/r/Jeopardy‎
Portlandia,/r/Portlandia
Torchwood,/r/Torchwood
Gurren Lagann,/r/GurrenLagann
Red Dwarf,/r/RedDwarf
Misfits,/r/MisfitsTV
Metalocalypse,/r/Metalocalypse
Defiance,/r/Defiance
Grimm,/r/Grimm
Teen Wolf,/r/TeenWolf
Bakemonogatari / Nisemonogatari,/r/Araragi
Death Note,/r/DeathNote
Eastbound & Down,/r/EastboundAndDown
Entourage,/r/Entourage
24,/r/TwentyFour
Californication,/r/Californication
Bones,/r/Bones
Farscape,/r/Farscape
Veronica Mars,/r/VeronicaMars
Star Trek: Deep Space Nine,/r/DeepSpaceNine‎
Continuum,/r/TheContinuum
Burn Notice,/r/BurnNotice
Doctor Who,/r/DrWho
Malcolm In The Middle,/r/MalcolmInTheMiddle
The Americans,/r/TheAmericans
Aqua Teen Hunger Force,/r/AquaJail
White Collar,/r/WhiteCollar
The Muppet Show,/r/Muppets
Gilmore Girls,/r/GilmoreGirls
Black Mirror,/r/BlackMirror
Spartacus,/r/Spartacus_TV
Warehouse 13,/r/Warehouse13
Falling Skies,/r/FallingSkies
Scandal,/r/Scandal
Angel,/r/Angel
Ghost in the Shell,/r/Ghost_in_the_Shell
Babylon 5,/r/Babylon5
The Mentalist,/r/TheMentalist
Happy Endings,/r/HappyEndings
Frasier,/r/Frasier
Curb Your Enthusiasm,/r/Curb
Saturday Night Live,/r/SNL
Bates Motel,/r/BatesMotel
Hell on Wheels,/r/Hell_On_Wheels
Daria,/r/Daria
The Walking Dead,/r/TrueWalkingDead
Under the Dome,/r/UnderTheDome
Elementary,/r/Elementary
This American Life,/r/ThisAmericanLife
Criminal Minds,/r/CriminalMinds
Freaks and Geeks,/r/FreaksAndGeeks
The Following,/r/TheFollowing
Merlin,/r/MerlinBBC
Skins (UK or US),/r/SkinsTV
Eureka,/r/Eureka
Key & Peele,/r/KeyandPeele
Parks And Recreation,/r/ParksAndRecreation
Banshee,/r/Banshee
Revenge,/r/Revenge
MASH,/r/MASH
Weeds,/r/Weeds
Sleepy Hollow,/r/SleepyHollowTV‎
Watchmen,/r/Watchmen
The Mighty Boosh,/r/MightyBoosh
The Amazing Race,/r/TheAmazinGrace
Project Runway,/r/ProjectRunway
Lost Girl,/r/LostGirl
The Originals,/r/TheOriginals
The Good Wife,/r/TheGoodWife
Veep,/r/Veep
Halt and Catch Fire,/r/HaltAndCatchFire
The Boondocks,/r/TheBoondocks
Revolution,/r/RevolutionNBC
Real Housewives,/r/BravoRealHousewives
NCIS,/r/NCIS
Masterchef,/r/Masterchef
The Mindy Project,/r/TheMindyProject
Clone High,/r/CloneHigh
Star Wars: The Clone Wars,/r/TheCloneWars‎
Teen Titans,/r/TeenTitans
Ray Donovan,/r/RayDonovan‎
Ghost Adventures,/r/GhostAdventures‎
Gintama,/r/Gintama
The Eric Andre Show,/r/TheEricAndreShow
Curb Your Enthusiasm,/r/CurbYourEnthusiasm
Star Trek: The Next Generation,/r/TNG
The Kamen Rider Series,/r/KamenRider
Conspiracy Theory with Jesse Ventura,/r/SOS
Invader Zim,/r/InvaderZim
The Twilight Zone,/r/TwilightZone
Iron Chef,/r/IronChef
Dollhouse,/r/dollHouse
The Killing,/r/TheKilling
Hemlock Grove,/r/HemlockGrove
Parenthood,/r/Parenthood
Late Night Talk Shows,/r/LateNightTalkShows
Impact Wrestling,/r/TNA
Masters of Sex,/r/MastersOfSex
The Amazing World of Gumball,/r/GumBall
America's Next Top Model,/r/ANTM
The Ren and Stimpy Show,/r/RenAndStimpy
The Late Late Show with Craig Ferguson,/r/CraigFerguson
Frisky Dingo,/r/FriskyDingo
Battlestar Galactica,/r/BattlestarGalactica
Gossip Girl,/r/GossipGirl
Top Chef,/r/TopChef
Married with Children,/r/MarriedWithChildren
Boys Meet World,/r/BoyMeetsWorld
Party Down,/r/PartyDown
Nichijou,/r/Nichijou
Face Off,/r/FaceOff
Chicago Fire,/r/ChicagoFire
Deadwood,/r/Deadwood
Smallville,/r/Smallville
Phineas and Ferb,/r/PhineasAndFerb
Reboot,/r/Reboot
Flight of the Conchords,/r/FlightOfTheConchords
Law & Order: Special Victims Unit,/r/SVU
Being Human,/r/BeingHuman
The Bachelor,/r/TheBachelor
Dilbert,/r/Dilbert
The Inbetweeners,/r/TheInbetweeners
Degrassi,/r/Degrassi
House of Lies,/r/HouseOfLies
Raising Hope,/r/RaisingHope
Fast N Loud,/r/GasMonkey
Friday Night Lights,/r/FridayNightLights
Six-Feet Under,/r/SixFeetUnder
Star Trek: Voyager,/r/Voyager
Impractical Jokers,/r/ImpracticalJokers
Cougar Town,/r/CougarTown
Father Ted,/r/FatherTed
Danger 5,/r/Danger5
The Voice,/r/TheVoice
My Name Is Earl,/r/MyNameIsEarl
Dance Moms,/r/DanceMoms‎
The Life & Times Of Tim,/r/TheLifeAndTimesOfTim
To Love Ru,/r/ToLoveRu
Better Off Ted,/r/BetterOffTed
Robot Chicken,/r/RobotChicken
Ghost in the Shell,/r/GhostInTheShell
Haven,/r/Haven
Bored to Death,/r/BoredToDeath
Squidbillies,/r/Squidbillies
Freakazoid,/r/Freakazoid
Justice League,/r/TheJusticeLeague
So You Think You Can Dance,/r/SYTYCD
Dr Horrible,/r/Dr_Horrible
InuYasha,/r/InuYasha
Superjail!,/r/Superjail
Prison Break,/r/prisonBreak
Judge Judy,/r/JudgeJudy
Turn,/r/Turn
Treme,/r/Treme
The Last Ship,/r/TheLastShip
Jericho,/r/Jericho
Hell's Kitchen,/r/HellsKitchen
Luther,/r/Luther
Alphas,/r/Alphas
My Little Human: Friendship is Science,/r/MLHFIS
"Ed, Edd n Eddy",/r/EdEddnEddy
Once Upon a Time in Wonderland,/r/OnceWonderland‎
Trigun,/r/Trigun
Leverage,/r/Leverage
G.I.Joe,/r/GIJoe
Graceland,/r/Graceland
Samurai Jack,/r/SamuraiJack
Breaking Bad,/r/TrueBreakingBad
RoboWars,/r/RoboWars
Ultimate Fighting Championship,/r/UFC_MMA‎
Suburgatory,/r/Suburgatory
Monk,/r/Monk
Scooby-Doo!,/r/ScoobyDoo
Todd Margaret,/r/ToddMargaret
Nashville,/r/NashvilleTV
Longmire,/r/Longmire
Charmed,/r/Charmed
Covert Affairs,/r/CovertAffairs
The Nerdist,/r/TheNerdist
Deadliest Catch,/r/DeadliestCatch
Ninja Warrior,/r/NinjaWarrior
SouthLAnd,/r/SouthLAndTV
The Shield,/r/TheShield
Flight of the Conchords,/r/FOTC
ThunderCats,/r/ThunderCats
The Guild,/r/TheGuild
The Goldbergs,/r/TheGoldbergs
Avatar: The Last Airbender,/r/Airbender
Macgyver,/r/MacGyver
Kenny vs Spenny,/r/KennyVsSpenny
The Soup,/r/TheSoup
Awake,/r/Awake
The Fall,/r/TheFallTV
Terra Nova,/r/TerraNova
Austin City Limits,/r/ACLFestival‎
The Middle,/r/TheMiddle
Gold Rush,/r/GoldRush
Blue Mountain State,/r/BMS
Pinky and the Brain,/r/PinkyAndTheBrain
Hey Arnold,/r/HeyArnold
Sekirei,/r/Sekirei
Hart of Dixie,/r/HartOfDixie
The Tomorrow People,/r/TomorrowPeople
Jersey Shore,/r/JerseyShore
Rookie Blue,/r/RookieBlue
The Bridge,/r/TheBridge
Alcatraz,/r/Alcatraz
Derek,/r/Derek
Royal Pains,/r/RoyalPains
Switched At Birth,/r/SwitchedAtBirth
2 Broke Girls,/r/2BrokeGirls
Victorious,/r/Victorious
Awkward,/r/AwkwardMTV
Siberia,/r/Siberia
Todd and the Book of Pure Evil,/r/TheBookofPureEvil
Law & Order,/r/LawAndOrder
iCarly,/r/iCarly
Quantum Leap,/r/QuantumLeap
EastEnders,/r/EastEnders
Sealab 2021,/r/Sealab2021
Defiance,/r/DefianceTV
One Tree Hill,/r/OneTreeHill
Animaniacs,/r/Animaniacs
Nikita,/r/Nikita
Nurse Jackie,/r/NurseJackie
Home Movies,/r/HomeMovies
Band of Brothers,/r/BandOfBrothers
The Last Airbender: The Legend Of Korra,/r/Korra
Star Trek: Enterprise,/r/StarTrekEnterprise
Star Trek: The Original Series,/r/TOS
Childrens Hospital,/r/ChildrensHospital
Sliders,/r/SLIDERS
Whodunnit?,/r/Whodunnit
Chicago Fire,/r/ChicagoFireNBC
Call The Midwife,/r/CallTheMidwife
Spaced,/r/Spaced
The Challenge,/r/MTVChallenge
Fairly Oddparents,/r/FairlyOddparents
Strike Back,/r/StrikeBack
Red Eye with Greg Gutfeld,/r/RedEye
Hello Ladies,/r/HelloLadies
Touch,/r/Touch
America's Got Talent,/r/AGT
Earth's Got Talent,/r/EarthsGotTalent
Blackadder,/r/Blackadder
Luther,/r/BBCLuther
Late Night with Jimmy Fallon,/r/JimmyFallon
The Sarah Connor Chronicles,/r/TSCC
Avatar: The Last Airbender,/r/TalesofBaSingSe
Roseanne,/r/Roseanne
Coronation Street,/r/CoronationStreet
Foster's Home,/r/Fostershome
Sex and the City,/r/SexAndTheCity
Fry and Laurie,/r/SoupyTwist
Kids in the Hall,/r/KITH
The Fresh Prince of Bel-Air,/r/FreshPrince
From Dusk Till Dawn: The Series,/r/FromDuskTillDawnTV
Last Resort,/r/TheLastResort
News Radio,/r/NewsRadio
Delocated,/r/Delocated
Primeval,/r/Primeval
Drop Dead Diva,/r/DropDeadDiva
Kaijudo: Rise of the Duel Masters,/r/Kaijudo
Dracula,/r/DraculaTV
Two and a Half Men,/r/TwoAndAHalfMen
Ringer,/r/Ringer
The Prisoner,/r/ThePrisoner
Eagleheart,/r/Eagleheart
Friends,/r/FriendsTV
Bunheads,/r/Bunheads
Hogan's Heroes,/r/HogansHeroes
Never Mind the Buzzcocks,/r/NeverMindTheBuzzcocks
The Venture Brothers,/r/VentureBrothers
Ugly Americans,/r/UglyAmericans
Impact Wrestling,/r/TNAImpact‎
OZ,/r/OZShow
Garth Marenghi's Darkplace,/r/DarkPlace
Thomas The Tank Engine & Friends,/r/ChooChoo
The O.C.,/r/The_OC
Skins (UK),/r/SkinsUK
Ripper Street,/r/RipperStreet
Hawaii Five-0,/r/Hawaii50
Eureka Seven: AO,/r/Eureka7AO
General Hospital,/r/GeneralHospital
Brickleberry,/r/Brickleberry
The King of Queens,/r/KingOfQueens
The Walking Dead,/r/TheWalkingDeadTV
Full House,/r/FullHouse
The Almighty Johnsons,/r/almightyJohnsons
Shameless (US),/r/ShamelessUS
The Biggest Loser,/r/TheBiggestLoser
Rubicon,/r/Rubicon
The Tick,/r/TheTick
Numb3rs,/r/Numb3rs
I Love Lucy,/r/Lucy
It's Always Sunny In Philadelphia,/r/SunnyFX
Life On Mars,/r/LifeOnMars
The Glee Project,/r/TheGleeProject
Comic Book Men,/r/ComicBookMen
Baccano!,/r/Baccano
The Ellen DeGeneres Show,/r/EllenDeGeneres
Nip Tuck,/r/NipTuck
Shortland Street,/r/ShortlandStreet
Columbo,/r/Columbo
Sesame Street,/r/SesameStreet
Black Dynamite,/r/BlackDynamite
The Thick Of It,/r/TheThickOfIt
Star Trek: The Next Generation,/r/TheNextGeneration
Courage the Cowardly Dog,/r/CourageTheCowardlyDog
Rescue Me,/r/RescueMe
The Crazy Ones,/r/TheCrazyOnes
Celebrity Apprentice,/r/CelebrityApprentice
The Real World,/r/TheRealWorld
Destination Truth,/r/DestinationTruth
Geordie Shore,/r/GeordieShore
Go On,/r/Go_On
The Profit,/r/TheProfit
The Borgias,/r/TheBorgias
Devious Maids,/r/DeviousMaids
Noel Fielding's Luxury Comedy,/r/LuxuryComedy
The Event,/r/TheEvent
The Young Ones,/r/TheYoungOnes
Extreme Couponing,/r/ExtremeCouponing
The Colbert Report,/r/TheColbertReport
Strangers With Candy,/r/StrangersWithCandy
Survivorman,/r/Survivorman
The Muppet Show,/r/Muppet
Weed Wars,/r/Cannabit
Dual Survival,/r/dualSurvival
Hunted,/r/HuntedSeries
Blake's 7,/r/Blakes7
Mission HIll,/r/MissionHill
Unsupervised,/r/Unsupervised
FlashForward,/r/FlashForward
Magnum P.I.,/r/MagnumPI
Sharpe,/r/Sharpe
Big Love,/r/BigLove
The Newsroom,/r/HBOTheNewsroom
The Big Bang Theory,/r/BAZINGA
The Neighbors,/r/TheNeighbors
The Critic,/r/TheCritic
The Michael J. Fox Show,/r/TheMichaelJFoxShow
Earth's Mightiest Heroes,/r/EarthsMightiestHeroes
666 Park Avenue,/r/666ParkAvenue
Bomb Girls,/r/BombGirls
Gilligan's Island,/r/GilligansIsland
Luck,/r/Luck
Top Shot,/r/TopShot
Salad Fingers,/r/SaladFingers
The Apprentice (UK),/r/ApprenticeUK
Drawn Together,/r/DrawnTogether
Blue Bloods,/r/BlueBloods
Damages,/r/Damages
Sanctuary,/r/SanctuaryTV
The Booth at the End,/r/TheBooth
Desperate Housewives,/r/DesperateHousewives
Dallas,/r/DallasTNT
Time Team,/r/TimeTeam
Tosh.0,/r/ToshPointO
Horizon,/r/Horizon
The Cleveland Show,/r/TheClevelandShow
The Sifl & Olly Show,/r/SiflAndOlly
Perception,/r/PerceptionTNT
The Pet Shop,/r/ThePetShop
Intelligence,/r/CBS_Intelligence
Rizzoli & Isles,/r/RandI
Flash Point,/r/FlashPoint
NCIS: Los Angeles,/r/NCISLA
Firefly,/r/FireflyTVSeries
The Larry Sanders Show,/r/LarrySanders
Days of our Lives,/r/Days
House of Lies,/r/HOL
Political Animals,/r/PoliticalAnimals
Moral Orel,/r/MoralOrel
Persons Unknown,/r/PersonsUnknown
Up All Night,/r/UpAllNight
Fairly Legal,/r/FairlyLegal
ChuckleVision,/r/ChuckleVision
Hell on Wheels,/r/HellOnWheels
Rules of Engagement,/r/RulesOfEngagement‎
All Creatures Great And Small,/r/All_Creatures
Pan Am,/r/PanAm
Dancing With the Stars,/r/DWTS
Selfie,/r/SelfieABC
Sinbad,/r/Sinbad
The Hour,/r/TheHour
Spongebob Squarepants,/r/SpongeBobSquarepants
Copper,/r/CopperTV
InBetweeners,/r/InBetweeners
The Amazing Race,/r/TAR
Friends,/r/FriendsSeries
Friends,/r/FriendsTVShow
Robin Hood (BBC),/r/RobinHoodBBC
Smash,/r/SmashNBC
The New Normal,/r/The_New_Normal
Running Wilde,/r/RunningWilde
1600 Penn,/r/1600Penn
Ben And Kate,/r/BenAndKate
The Secret Circle,/r/TheSecretCircle
Chappelle's Show,/r/ChapellesShow
Do No Harm,/r/DoNoHarm
Everybody Loves Raymond,/r/EverybodyLovesRaymond
H+ (Youtube),/r/HplusDigitalSeries
Home and Away,/r/HomeAndAway‎
Breaking Bad,/r/BreakingBadFans
Robot Combat League,/r/RobotCombatLeague‎
The Pacific,/r/ThePacific
The Sifl & Olly Show,/r/SiflnOlly‎
Cult,/r/CultTV
United States of Tara,/r/UnitedStatesOfTara
Pioneer One,/r/PioneerOne
The Brady Bunch,/r/BradyBunch
Trophy Wife,/r/TrophyWife
Dirty Jobs,/r/DirtyJobs
Hostages,/r/Hostages
NTSF:SD:SUV,/r/NTSF
The Night Shift,/r/TheNightShiftTV
The Tomorrow People,/r/TheTomorrowPeople
Attack of the Show!,/r/AttackOfTheShow‎
Mike & Molly,/r/MikeAndMolly
Mistresses,/r/Mistresses
The Ultimate Fighter,/r/TheUltimateFighter
Ugly Betty,/r/UglyBetty
Legend of the Seeker,/r/Seeker
Metalocalypse,/r/DieForDethklok
Tower Prep,/r/TowerPrep
American Idol,/r/Idol
Rob,/r/Rob
Super Fun Night,/r/SuperFunNight
The Bachelorette,/r/TheBachelorette
Fear Factor,/r/FearFactor
Gunsmoke,/r/Gunsmoke
30 For 30,/r/30For30
Breaking In,/r/BreakingIn
The Farm,/r/TVTheFarm
ER,/r/CountyGeneralHospital
Heartland,/r/Heartland
Hung,/r/Hung
Thid Watch,/r/ThirdWatch
CSI: Miami‎,/r/CSIMiami‎
Masterchef Junior,/r/MasterchefJunior
My So-Called Life,/r/MySoCalledLife
Vegas,/r/VegasTV
90210,/r/90210
Fillmore!,/r/FillmoreTV
Get A Life,/r/GetALifeTVShow
Goodwin Games,/r/GoodwinGames
Heroes,/r/NBCHeroes
Legion of Extraordinary Dancers,/r/LXD
Motive,/r/MotiveTV
Pann and Teller's Bullshit!,/r/PennAndTellerBullshi
Phantom 2040,/r/Phantom2040
The Firm,/r/The_Firm
Up All Night,/r/UpAllNightTV
Avatar: The Last Airbender,/r/Avatards
Golden Boy,/r/GoldenBoy
The Glades,/r/TheGlades
Avatar: The Last Airbender,/r/White_Lotus
Last Resort,/r/Last_Resort
Master Chef Australia,/r/MasterChefAustralia
Missing,/r/MissingTV
Nashville,/r/NashvilleABC
Betrayal,/r/Betrayal
Body of Proof,/r/BodyOfProof
Don’t Trust The B—— In Apartment 23,/r/Apartment23
Matlock,/r/Matlock
Mind Quad,/r/MindQuad
The L.A. Complex,/r/LAComplex
The Millers,/r/TheMillers
The O.C.,/r/TheOCtv
Back in the Game,/r/BackInTheGame
Castle,/r/RichardCastle
Lucky 7,/r/Lucky7
Mom,/r/MomTV
Reign,/r/ReignTV
Spin City,/r/Spincity
Spy (paid),/r/SpyHulu
Ironside,/r/Ironside
Spartacus: Blood and Sand,/r/TheLudus
The Voice,/r/TheVoiceUK
Top Chef,/r/topChefFans
As the World Turns,/r/ATWT
Basketball Wives,/r/BasketballWives
Cops,/r/CopsTV
Law & Order,/r/LNO
The Late Late Show with Craig Ferguson,/r/CraigyFerg
Bar Karma,/r/Bar_Karma
Big Brother,/r/BigBrother12
Deadliest Warrior,/r/Spikes_Dw‎
Enlisted,/r/EnlistedTV
The Late Late Show with Craig Ferguson,/r/CraigyFurg
We Are Men,/r/WeAreMen
Sean Saves the World,/r/SeanSavesTheWorld
The Republic of Doyle,/r/TheRepublicofDoyle
About a Boy,/r/AboutABoy
Alpha House,/r/AlphaHouse
As Yet Untitled,/r/AsYetUntitled
Bad Girls Club,/r/BadGirlsClub
Bad Samaritans,/r/BadSamaritans
Better Call Saul,/r/BetterCallSaul
Beyond the Wormhole,/r/BeyondTheWormhole
Big Brother 15,/r/BigBrother15
Big Brother 16,/r/BigBrother16
Bitten,/r/Bitten
Black Sails,/r/BlackSails
BoJack Horseman,/r/BoJackHorseman
Broad City,/r/Broad_City
Broad City,/r/BroadCity
Broadchurch,/r/Broadchurch
Chicago P.D.,/r/ChicagoPD
Chozen,/r/Chozen
Code Geass,/r/CodeGeass
Code Geass,/r/Code_Geass
Code Monkeys,/r/Code_Monkeys
Crisis,/r/CrisisTV
Crossbones,/r/Crossbones
CSI: Crime Scene Investigation,/r/CSI
Dad's Army,/r/DadsArmyy
Dancing with the Stars,/r/DancingWithTheStars
Dark Matter,/r/DarkMatter
Dominion,/r/DominionTV
Empire,/r/EmpireTV
Extant,/r/Extant
Flash,/r/FlashTV
Forever,/r/Forever
Fortitude,/r/Fortitude
Go On,/r/GoOnTV
Gotham,/r/GothamShow
Helix,/r/Helix
Homicide: Life On The Street,/r/Homicide_LOTS
How to Get Away with Murder,/r/htgawm
In the Flesh,/r/InTheFlesh
Keeping Up with the Kardashians,/r/KUWTK
Killer Women,/r/KillerWomen
KnightRider,/r/KnightRider
Last Tango in Halifax,/r/LastTangoInHalifax
Last Week Tonight,/r/LastWeekTonight
Legends,/r/LegendsTV
Looking,/r/Looking
Manhattan,/r/ManhattanTV
Midsomer Murders,/r/MidsomerMurders
Mind Games,/r/MindGames
Mixology,/r/MixologyTV
Mob City,/r/MobCity
Mom,/r/CBS_Mom
Mr Selfridge,/r/MrSelfridge
Murder in the First,/r/MurderInTheFirst
Naked and Afraid,/r/NakedAndAfraid
Narcos,/r/Narcos
Nathan for You,/r/NathanForYou
Olive Kitteridge,/r/OliveKitteridge
Opposite Worlds,/r/OppositeWorlds
Peaky Blinders,/r/PeakyBlinders
Penny Dreadful,/r/PennyDreadful
PioneeOneTV (youtube),/r/PioneerOneTV
Playing House,/r/PlayingHouse
Rake,/r/Rake
Rectify,/r/Rectify
Resurrection,/r/Resurrection
Review,/r/FiveStars
Rush,/r/RushTV
Salem,/r/SalemTV
Silicon Valley,/r/SiliconValleyHBO
Silicon Valley,/r/SiliconValleyShow
Star-Crossed,/r/StarCrossed
Sword Art Online,/r/SAO
Sword Art Online,/r/SwordArtOnline
Terriers,/r/TerriersTV
The 100,/r/The100
The Assets,/r/TheAssets
The Blacklist,/r/TheBlacklist
The Carrie Diaries,/r/TheCarrieDiaries
The Colbert Report,/r/ColbertReport
The First 48,/r/The1st48
The Golden Girls,/r/BackInSaintOlaf
The Golden Girls,/r/TheGoldenGirls
The Knick,/r/TheKnick
The Late Late Show with Craig Ferguson,/r/LateLateShow
The Musketeers,/r/MusketeersTV
The Red Road,/r/TheRedRoad
The Returned,/r/LesRevenants
The Sifl & Olly Show,/r/SockHeads
The Spoils of Babylon,/r/TheSpoilsOfBabylon
The Strain,/r/TheStrain
The Tonight Show Starring Jimmy Fallon,/r/TonightShowFallon
The Tonight Show Starring Jimmy Fallon,/r/TonightShowJimmy
The Tonight Show Starring Jimmy Fallon,/r/TonightShow
The Tonight Show Starring Jimmy Fallon,/r/TheTonightShow
The Whitest Kids U' Know,/r/WKUK
The X Factor,/r/XFactor‎
The X Factor (UK),/r/XFactorUK
The X-Files,/r/XFiles
Togetherness,/r/Togetherness
Tokyo Ghoul,/r/TokyoGhoul
Top of the Lake,/r/TopOfTheLake
Transparent,/r/transparent
Tyrant,/r/Tyrant
Utopia (Channel 4),/r/UtopiaTV
Utopia (Fox),/r/UtopiaFOX
Utopia (HBO),/r/UtopiaHBO
Vegas,/r/Vegas_TV
Vikings,/r/vikingShow
Wahlburgers,/r/Wahlburgers
Wayward Pines,/r/WaywardPines
Welcome to the Family,/r/WelcomeToTheFamily
Whose Line is it Anyway?,/r/WhoseLineIsItAnyway
Wilfred,/r/Wilfred
Will & Grace,/r/willAndGrace
Witches of East End,/r/WitchesOfEastEnd
Wonder Showzen,/r/WonderShowzen
Wonder Woman,/r/WonderWoman
Workaholics,/r/Workaholics
WWE,/r/WWE
Xena,/r/Xena
Yo Gabba Gabba,/r/YoGabbaGabba
You Cannot Be Serious!,/r/YCBS
Young Justice,/r/YoungJustice
Yu-Gi-Oh!,/r/YuGiOh
YuYu Hakusho,/r/YuYuHakusho